Page,WidgetName,Name    ,Header,Length,Cmd,Addr,Data,CRC
-,SystemFunction,Switch Page,5AA5,07,10,7000,0000,FF03
-,SystemFunction,Brightness CTRL,5AA5,07,10,7001,003F,EED3
-,SystemFunction,Year,5AA5,07,10,7002,001A,DF08
-,SystemFunction,Month,5AA5,07,10,7003,0002,8EC2
-,SystemFunction,Day,5AA5,07,10,7004,000B,FF05
-,SystemFunction,Hour,5AA5,07,10,7005,000B,AEC5
-,SystemFunction,Minute,5AA5,07,10,7006,0039,DF10
-,SystemFunction,Second,5AA5,07,10,7007,0010,4F0E
-,SystemFunction,Refresh time,5AA5,07,10,7008,0000,7EC1
-,SystemFunction,Play music,5AA5,07,10,700A,0000,DF01
-,SystemFunction,Volume CTRL,5AA5,07,10,700B,000A,0EC6
-,SystemFunction,Open pop_window,5AA5,07,10,700D,0000,6EC0
-,SystemFunction,Auto-dimming,5AA5,07,10,700E,0000,9EC0
-,SystemFunction,Dimming level,5AA5,07,10,700F,0014,CF0F
-,SystemFunction,Time to enter sleep,5AA5,07,10,7010,0005,3EC5
-,SystemFunction,Multi-language,5AA5,07,10,703F,0000,CF0F
Page0,gif_0,gif_0,5AA5,07,10,0000,000A,65C4
Page1,gif_0,gif_0,5AA5,07,10,0001,000A,3404
