{
"lengthUnit": "mil",
"components": {
	"fields": ["COMPONENT_NO", "COMPONENT_NAME", "LAYER", "X_COORDINATE", "Y_COORDINATE", "ANGLE"],
	"rows": [
		[1, "BAT1", "T", 1111.2, -968, 270],
		[2, "BUZZER1", "T", 572.8, -1471.2, 180],
		[3, "C1", "T", 2061.6, -1451.2, 270],
		[4, "C2", "T", 1996.8, -1451.2, 270],
		[5, "C3", "T", 1569.6, -1564.8, 270],
		[6, "C4", "T", 1504.8, -1566.4, 270],
		[7, "C5", "T", 1281.6, -743.2, 180],
		[8, "C6", "T", 1281.6, -691.2, 180],
		[9, "C11", "T", 450.4, -213.6, 135],
		[10, "C12", "T", 413.6, -249.6, 315],
		[11, "C13", "T", 520.8, -138.4, 315],
		[12, "C14", "T", 484, -175.2, 315],
		[13, "C15", "T", 910.4, -634.4, 135],
		[14, "C16", "T", 945.6, -597.6, 135],
		[15, "C17", "T", 1979.21, -262.12, 0],
		[16, "C18", "T", 1980.81, -214.91, 0],
		[17, "C19", "T", 1982.4, -378.4, 0],
		[18, "C20", "T", 559.2, -1164, 90],
		[19, "C21", "T", 1012.91, -794.34, 0],
		[20, "C22", "T", 1012.11, -841.54, 0],
		[21, "C23", "T", 363.2, -519.2, 45],
		[22, "C24", "T", 440.8, -1205.6, 90],
		[23, "C25", "T", 417.6, -539.2, 45],
		[24, "C26", "T", 579.2, -682.4, 45],
		[25, "C27", "T", 792.8, -1010.4, 270],
		[26, "C28", "T", 596, -49.6, 180],
		[27, "C29", "T", 703.2, -50.4, 0],
		[28, "C30", "T", 1676.4, -1016.94, 0],
		[29, "D1", "T", 324.8, -1466.4, 90],
		[30, "D2", "T", 698.4, -1013.6, 270],
		[31, "L1", "T", 1393.6, -801.6, 180],
		[32, "L2", "T", 874.69, -667.36, 135],
		[33, "L3", "T", 1980.01, -170.11, 180],
		[34, "L4", "T", 1014.45, -746.39, 180],
		[35, "LED1", "T", 1281.6, -52.8, 180],
		[36, "M1", "T", 132.8, -132, 0],
		[37, "M2", "T", 2240, -132, 0],
		[38, "M3", "T", 132.8, -1549.6, 0],
		[39, "M4", "T", 2240, -1549.6, 0],
		[40, "Q1", "T", 1237.6, -129.6, 270],
		[41, "Q2", "T", 333.6, -1211.2, 90],
		[42, "R1", "T", 1166.4, -59.2, 180],
		[43, "R2", "T", 1395.6, -745.6, 180],
		[44, "R3", "T", 1394.8, -692.8, 180],
		[45, "R4", "T", 1588, -746.4, 180],
		[46, "R5", "T", 1588, -800.8, 180],
		[47, "R6", "T", 1687.2, -1286.4, 0],
		[48, "R7", "T", 1131.2, -141.6, 180],
		[49, "R8", "T", 357.6, -339.2, 180],
		[50, "R11", "T", 1187.72, -141.33, 270],
		[51, "R12", "T", 2012.8, -326.4, 180],
		[52, "R13", "T", 356.8, -392, 0],
		[53, "R15", "T", 627.2, -1177.6, 270],
		[54, "R19", "T", 326.4, -480, 225],
		[55, "R20", "T", 490.14, -1235.5, 90],
		[56, "R21", "T", 358.4, -1047.2, 270],
		[57, "R22", "T", 304.8, -1046.4, 270],
		[58, "R23", "T", 2024.8, -781.6, 90],
		[59, "R24", "T", 1961.6, -1120.8, 0],
		[60, "R25", "T", 1961.6, -1178.4, 0],
		[61, "R26", "T", 1836.8, -1059.2, 180],
		[62, "R27", "T", 1835.2, -1241.6, 0],
		[63, "R28", "T", 1534.4, -1288, 180],
		[64, "RP1", "T", 1198.4, -586.4, 0],
		[65, "RP2", "T", 1197.6, -453.6, 0],
		[66, "RP3", "T", 1196.8, -319.2, 0],
		[67, "SW1", "T", 1501.6, -74.4, 0],
		[68, "SW2", "T", 1729.6, -73.6, 180],
		[69, "SW3", "T", 1958.4, -73.6, 0],
		[70, "TP1", "T", 519.27, -338.71, 45],
		[71, "TP2", "T", 273.6, -452.63, 0],
		[72, "TP3", "T", 224, -537.6, 0],
		[73, "TP4", "T", 208, -1057.34, 0],
		[74, "TP5", "T", 2011.2, -568.8, 0],
		[75, "TP7", "T", 1923.6, -1015.6, 0],
		[76, "TP8", "T", 1918.4, -1252.8, 0],
		[77, "TP9", "T", 483.2, -1096.8, 0],
		[78, "TP10", "T", 275.2, -707.79, 0],
		[79, "TP11", "T", 2024, -485.6, 0],
		[80, "TP13", "T", 525.46, -255.34, 0],
		[81, "TP14", "T", 852, -959.2, 0],
		[82, "TP15", "T", 913.52, -261.6, 0],
		[83, "TP16", "T", 1036.6, -303.09, 0],
		[84, "TP17", "T", 985.8, -334.59, 0],
		[85, "TP18", "T", 939.47, -366.08, 0],
		[86, "U1", "T", 1918.4, -1568, 90],
		[87, "U2", "T", 725.6, -350.4, 315],
		[88, "U3", "T", 628, -761.6, 0],
		[89, "U4", "T", 1605.3, -1149.61, 270],
		[90, "U6", "T", 2193.6, -1108, 90],
		[91, "U7", "T", 1784.69, -409.53, 270],
		[92, "U8", "T", 1836, -1148, 0],
		[93, "U9", "T", 1939.2, -768.8, 90],
		[94, "U11", "T", 11.2, -1204, 270],
		[95, "U12", "T", 2194.72, -536, 90],
		[96, "X1", "T", 552.8, -618.4, 135],
		[97, "X2", "T", 646.4, -116, 180]
	]
},
"pins": {
	"fields": ["PIN_NO", "PIN_NAME", "PIN_X", "PIN_Y", "LAYER", "PIN_TYPE", "NET_NAME", "NET_TYPE", "PAD_SHAPE", "PAD_SIZEX", "PAD_SIZEY", "HOLE_SIZE", "PAD_ANGLE"],
	"rows": [
		[1, "BAT1_0", 1111.2, -1114, "T", "DIP", "BAT1_0", "", "C", 47.24, 47.24, 47.24, 90],
		[2, "BAT1_0", 1111.2, -1114, "B", "DIP", "BAT1_0", "", "C", 47.24, 47.24, 47.24, 90],
		[3, "BAT1_0", 1111.2, -1409, "T", "DIP", "BAT1_A_0", "", "C", 47.24, 47.24, 47.24, 90],
		[4, "BAT1_0", 1111.2, -1409, "B", "DIP", "BAT1_A_0", "", "C", 47.24, 47.24, 47.24, 90],
		[5, "BAT1_1", 1111.2, -1568, "T", "SMD", "GND", "GND", "R", 177.16, 157.48, 0, 270],
		[6, "BAT1_2", 1111.2, -968, "T", "SMD", "$2N146845", "", "R", 177.16, 157.48, 0, 270],
		[7, "BUZZER1_1", 720.44, -1323.57, "T", "SMD", "SPK+", "", "R", 78.74, 78.74, 0, 180],
		[8, "BUZZER1_2", 425.16, -1323.57, "T", "SMD", "SPK-", "", "R", 78.74, 78.74, 0, 180],
		[9, "BUZZER1_3", 425.16, -1618.84, "T", "SMD", "BUZZER1_3", "", "R", 78.74, 78.74, 0, 180],
		[10, "BUZZER1_4", 720.44, -1618.84, "T", "SMD", "BUZZER1_4", "", "R", 78.74, 78.74, 0, 180],
		[11, "C1_1", 2061.6, -1407.89, "T", "SMD", "+5V", "", "R", 51.18, 51.18, 0, 90],
		[12, "C1_2", 2061.6, -1494.51, "T", "SMD", "GND", "GND", "R", 51.18, 51.18, 0, 90],
		[13, "C2_1", 1996.8, -1419.7, "T", "SMD", "+5V", "", "R", 35.43, 31.5, 0, 0],
		[14, "C2_2", 1996.8, -1482.7, "T", "SMD", "GND", "GND", "R", 35.43, 31.5, 0, 0],
		[15, "C3_1", 1569.6, -1521.49, "T", "SMD", "VCC_3V3", "", "R", 51.18, 51.18, 0, 90],
		[16, "C3_2", 1569.6, -1608.11, "T", "SMD", "GND", "GND", "R", 51.18, 51.18, 0, 90],
		[17, "C4_1", 1504.8, -1534.9, "T", "SMD", "VCC_3V3", "", "R", 35.43, 31.5, 0, 0],
		[18, "C4_2", 1504.8, -1597.9, "T", "SMD", "GND", "GND", "R", 35.43, 31.5, 0, 0],
		[19, "C5_1", 1313.1, -743.2, "T", "SMD", "CTP_3.3V", "", "R", 35.43, 31.5, 0, 270],
		[20, "C5_2", 1250.1, -743.2, "T", "SMD", "GND", "GND", "R", 35.43, 31.5, 0, 270],
		[21, "C6_1", 1313.1, -691.2, "T", "SMD", "CTP_3.3V", "", "R", 35.43, 31.5, 0, 270],
		[22, "C6_2", 1250.1, -691.2, "T", "SMD", "GND", "GND", "R", 35.43, 31.5, 0, 270],
		[23, "C11_1", 472.67, -235.87, "T", "SMD", "LDO_V12", "", "R", 35.43, 31.5, 0, 225],
		[24, "C11_2", 428.13, -191.33, "T", "SMD", "GND", "GND", "R", 35.43, 31.5, 0, 225],
		[25, "C12_1", 391.33, -227.33, "T", "SMD", "GND", "GND", "R", 35.43, 31.5, 0, 45],
		[26, "C12_2", 435.87, -271.87, "T", "SMD", "LDO_V12", "", "R", 35.43, 31.5, 0, 45],
		[27, "C13_1", 498.53, -116.13, "T", "SMD", "GND", "GND", "R", 35.43, 31.5, 0, 45],
		[28, "C13_2", 543.07, -160.67, "T", "SMD", "MCU_3.3V", "", "R", 35.43, 31.5, 0, 45],
		[29, "C14_1", 461.73, -152.93, "T", "SMD", "GND", "GND", "R", 35.43, 31.5, 0, 45],
		[30, "C14_2", 506.27, -197.47, "T", "SMD", "MCU_3.3V", "", "R", 35.43, 31.5, 0, 45],
		[31, "C15_1", 932.67, -656.67, "T", "SMD", "GND", "GND", "R", 35.43, 31.5, 0, 225],
		[32, "C15_2", 888.13, -612.13, "T", "SMD", "MCU_3.3V", "", "R", 35.43, 31.5, 0, 225],
		[33, "C16_1", 967.87, -619.87, "T", "SMD", "GND", "GND", "R", 35.43, 31.5, 0, 225],
		[34, "C16_2", 923.33, -575.33, "T", "SMD", "MCU_3.3V", "", "R", 35.43, 31.5, 0, 225],
		[35, "C17_1", 1947.71, -262.12, "T", "SMD", "LCD_3.3V", "", "R", 35.43, 31.5, 0, 90],
		[36, "C17_2", 2010.7, -262.12, "T", "SMD", "GND", "GND", "R", 35.43, 31.5, 0, 90],
		[37, "C18_1", 1949.31, -214.91, "T", "SMD", "LCD_3.3V", "", "R", 35.43, 31.5, 0, 90],
		[38, "C18_2", 2012.3, -214.91, "T", "SMD", "GND", "GND", "R", 35.43, 31.5, 0, 90],
		[39, "C19_1", 1950.9, -378.4, "T", "SMD", "LCD_RST#", "", "R", 35.43, 31.5, 0, 90],
		[40, "C19_2", 2013.9, -378.4, "T", "SMD", "GND", "GND", "R", 35.43, 31.5, 0, 90],
		[41, "C20_1", 559.2, -1226.7, "T", "SMD", "GND", "GND", "R", 58.47, 68.03, 0, 90],
		[42, "C20_2", 559.2, -1101.3, "T", "SMD", "+5V", "", "R", 58.47, 68.03, 0, 90],
		[43, "C21_1", 981.41, -794.34, "T", "SMD", "FLASH_3.3V", "", "R", 35.43, 31.5, 0, 90],
		[44, "C21_2", 1044.4, -794.34, "T", "SMD", "GND", "GND", "R", 35.43, 31.5, 0, 90],
		[45, "C22_1", 980.61, -841.54, "T", "SMD", "FLASH_3.3V", "", "R", 35.43, 31.5, 0, 90],
		[46, "C22_2", 1043.6, -841.54, "T", "SMD", "GND", "GND", "R", 35.43, 31.5, 0, 90],
		[47, "C23_1", 340.93, -541.47, "T", "SMD", "GND", "GND", "R", 35.43, 31.5, 0, 135],
		[48, "C23_2", 385.47, -496.93, "T", "SMD", "RESET#", "", "R", 35.43, 31.5, 0, 135],
		[49, "C24_1", 440.8, -1237.1, "T", "SMD", "SPK-", "", "R", 35.43, 31.5, 0, 180],
		[50, "C24_2", 440.8, -1174.1, "T", "SMD", "$2N34083", "", "R", 35.43, 31.5, 0, 180],
		[51, "C25_1", 395.33, -561.47, "T", "SMD", "EXTAL", "", "R", 35.43, 31.5, 0, 135],
		[52, "C25_2", 439.87, -516.93, "T", "SMD", "GND", "GND", "R", 35.43, 31.5, 0, 135],
		[53, "C26_1", 556.93, -704.67, "T", "SMD", "GND", "GND", "R", 35.43, 31.5, 0, 135],
		[54, "C26_2", 601.47, -660.13, "T", "SMD", "XTAL", "", "R", 35.43, 31.5, 0, 135],
		[55, "C27_1", 792.8, -978.9, "T", "SMD", "VBAT", "", "R", 35.43, 31.5, 0, 0],
		[56, "C27_2", 792.8, -1041.9, "T", "SMD", "GND", "GND", "R", 35.43, 31.5, 0, 0],
		[57, "C28_1", 627.5, -49.6, "T", "SMD", "GND", "GND", "R", 35.43, 31.5, 0, 270],
		[58, "C28_2", 564.5, -49.6, "T", "SMD", "XO", "", "R", 35.43, 31.5, 0, 270],
		[59, "C29_1", 671.7, -50.4, "T", "SMD", "GND", "GND", "R", 35.43, 31.5, 0, 90],
		[60, "C29_2", 734.7, -50.4, "T", "SMD", "XI", "", "R", 35.43, 31.5, 0, 90],
		[61, "C30_1", 1644.9, -1016.94, "T", "SMD", "GND", "GND", "R", 35.43, 31.5, 0, 90],
		[62, "C30_2", 1707.89, -1016.94, "T", "SMD", "VCC_3V3", "", "R", 35.43, 31.5, 0, 90],
		[63, "D1_1", 324.8, -1553.01, "T", "SMD", "SPK+", "", "R", 78.74, 78.74, 0, 270],
		[64, "D1_2", 324.8, -1379.79, "T", "SMD", "SPK-", "", "R", 78.74, 78.74, 0, 270],
		[65, "D2_1", 660.8, -1058.29, "T", "SMD", "VCC_3V3", "", "R", 42.13, 20.95, 0, 270],
		[66, "D2_2", 736, -1058.29, "T", "SMD", "$2N146845", "", "R", 42.13, 20.95, 0, 270],
		[67, "D2_3", 698.4, -968.92, "T", "SMD", "VBAT", "", "R", 42.13, 20.95, 0, 270],
		[68, "L1_1", 1424.6, -801.6, "T", "SMD", "VCC_3V3", "", "R", 35.43, 30, 0, 180],
		[69, "L1_2", 1362.6, -801.6, "T", "SMD", "CTP_3.3V", "", "R", 35.43, 30, 0, 180],
		[70, "L2_1", 896.61, -689.28, "T", "SMD", "VCC_3V3", "", "R", 35.43, 30, 0, 135],
		[71, "L2_2", 852.77, -645.44, "T", "SMD", "MCU_3.3V", "", "R", 35.43, 30, 0, 135],
		[72, "L3_1", 2011.01, -170.11, "T", "SMD", "VCC_3V3", "", "R", 35.43, 30, 0, 180],
		[73, "L3_2", 1949.01, -170.11, "T", "SMD", "LCD_3.3V", "", "R", 35.43, 30, 0, 180],
		[74, "L4_1", 1045.45, -746.39, "T", "SMD", "VCC_3V3", "", "R", 35.43, 30, 0, 180],
		[75, "L4_2", 983.45, -746.39, "T", "SMD", "FLASH_3.3V", "", "R", 35.43, 30, 0, 180],
		[76, "LED1_1", 1324.91, -52.8, "T", "SMD", "GND", "GND", "R", 39.37, 49.21, 0, 0],
		[77, "LED1_2", 1238.29, -52.8, "T", "SMD", "$2N19836", "", "R", 39.37, 49.21, 0, 0],
		[78, "M1_1", 195.79, -59.4, "T", "SMD", "M1_1", "", "P", 118.11, 118.11, 0, 0],
		[79, "M1_1", 60.2, -69.01, "T", "SMD", "M1_A_1", "", "P", 118.11, 118.11, 0, 0],
		[80, "M1_1", 69.8, -204.6, "T", "SMD", "M1_B_1", "", "P", 118.11, 118.11, 0, 0],
		[81, "M1_1", 205.4, -195, "T", "SMD", "M1_C_1", "", "P", 118.11, 118.11, 0, 0],
		[82, "M2_1", 2302.99, -59.4, "T", "SMD", "M2_1", "", "P", 118.11, 118.11, 0, 0],
		[83, "M2_1", 2167.4, -69.01, "T", "SMD", "M2_A_1", "", "P", 118.11, 118.11, 0, 0],
		[84, "M2_1", 2177, -204.6, "T", "SMD", "M2_B_1", "", "P", 118.11, 118.11, 0, 0],
		[85, "M2_1", 2312.6, -195, "T", "SMD", "M2_C_1", "", "P", 118.11, 118.11, 0, 0],
		[86, "M3_1", 195.79, -1477, "T", "SMD", "M3_1", "", "P", 118.11, 118.11, 0, 0],
		[87, "M3_1", 60.2, -1486.61, "T", "SMD", "M3_A_1", "", "P", 118.11, 118.11, 0, 0],
		[88, "M3_1", 69.8, -1622.2, "T", "SMD", "M3_B_1", "", "P", 118.11, 118.11, 0, 0],
		[89, "M3_1", 205.4, -1612.6, "T", "SMD", "M3_C_1", "", "P", 118.11, 118.11, 0, 0],
		[90, "M4_1", 2302.99, -1477, "T", "SMD", "M4_1", "", "P", 118.11, 118.11, 0, 0],
		[91, "M4_1", 2167.4, -1486.61, "T", "SMD", "M4_A_1", "", "P", 118.11, 118.11, 0, 0],
		[92, "M4_1", 2177, -1622.2, "T", "SMD", "M4_B_1", "", "P", 118.11, 118.11, 0, 0],
		[93, "M4_1", 2312.6, -1612.6, "T", "SMD", "M4_C_1", "", "P", 118.11, 118.11, 0, 0],
		[94, "Q1_1", 1237.56, -129.19, "T", "SMD", "$2N145074", "", "R", 36, 36, 0, 270],
		[95, "Q1_2", 1237.56, -204.19, "T", "SMD", "GND", "GND", "R", 36, 36, 0, 270],
		[96, "Q1_3", 1317.56, -167.19, "T", "SMD", "LEDK", "", "R", 36, 50, 0, 270],
		[97, "Q2_1", 371, -1162.58, "T", "SMD", "$2N34303", "", "R", 42.13, 23.62, 0, 90],
		[98, "Q2_2", 296.2, -1162.58, "T", "SMD", "GND", "GND", "R", 42.13, 23.62, 0, 90],
		[99, "Q2_3", 333.6, -1259.83, "T", "SMD", "SPK-", "", "R", 42.13, 23.62, 0, 90],
		[100, "R1_1", 1166.4, -59.2, "T", "SMD", "$2N19836", "", "R", 35.43, 35.43, 0, 180],
		[101, "R1_2", 1103.41, -59.2, "T", "SMD", "VCC_3V3", "", "R", 35.43, 35.43, 0, 180],
		[102, "R2_1", 1425.26, -745.6, "T", "SMD", "SDA", "", "R", 31.75, 34.02, 0, 180],
		[103, "R2_2", 1365.94, -745.6, "T", "SMD", "CTP_3.3V", "", "R", 31.75, 34.02, 0, 180],
		[104, "R3_1", 1424.46, -692.8, "T", "SMD", "CTP_INT", "", "R", 31.75, 34.02, 0, 180],
		[105, "R3_2", 1365.14, -692.8, "T", "SMD", "CTP_3.3V", "", "R", 31.75, 34.02, 0, 180],
		[106, "R4_1", 1617.66, -746.4, "T", "SMD", "CTP_RST", "", "R", 31.75, 34.02, 0, 180],
		[107, "R4_2", 1558.34, -746.4, "T", "SMD", "CTP_3.3V", "", "R", 31.75, 34.02, 0, 180],
		[108, "R5_1", 1617.66, -800.8, "T", "SMD", "SCL", "", "R", 31.75, 34.02, 0, 180],
		[109, "R5_2", 1558.34, -800.8, "T", "SMD", "CTP_3.3V", "", "R", 31.75, 34.02, 0, 180],
		[110, "R6_1", 1657.54, -1286.4, "T", "SMD", "MCU_TXD0/BOOT", "", "R", 31.75, 34.02, 0, 0],
		[111, "R6_2", 1716.86, -1286.4, "T", "SMD", "VCC_3V3", "", "R", 31.75, 34.02, 0, 0],
		[112, "R7_1", 1130.81, -141.47, "T", "SMD", "$2N145074", "", "R", 35.43, 35.43, 0, 270],
		[113, "R7_2", 1080.81, -141.47, "T", "SMD", "BL_PWM", "", "R", 35.43, 35.43, 0, 270],
		[114, "R8_1", 387.26, -339.2, "T", "SMD", "SWDIO", "", "R", 31.75, 34.02, 0, 180],
		[115, "R8_2", 327.94, -339.2, "T", "SMD", "CTP_INT", "", "R", 31.75, 34.02, 0, 180],
		[116, "R11_1", 1187.59, -141.73, "T", "SMD", "$2N145074", "", "R", 35.43, 35.43, 0, 0],
		[117, "R11_2", 1187.59, -191.73, "T", "SMD", "GND", "GND", "R", 35.43, 35.43, 0, 0],
		[118, "R12_1", 2012.8, -326.4, "T", "SMD", "LCD_3.3V", "", "R", 35.43, 35.43, 0, 0],
		[119, "R12_2", 1949.81, -326.4, "T", "SMD", "LCD_RST#", "", "R", 35.43, 35.43, 0, 0],
		[120, "R13_1", 327.14, -392, "T", "SMD", "CTP_RST", "", "R", 31.75, 34.02, 0, 0],
		[121, "R13_2", 386.46, -392, "T", "SMD", "SWDCK", "", "R", 31.75, 34.02, 0, 0],
		[122, "R15_1", 627.2, -1177.6, "T", "SMD", "+5V", "", "R", 35.43, 35.43, 0, 270],
		[123, "R15_2", 627.2, -1240.59, "T", "SMD", "SPK+", "", "R", 35.43, 35.43, 0, 270],
		[124, "R19_1", 347.37, -459.03, "T", "SMD", "RESET#", "", "R", 31.75, 34.02, 0, 225],
		[125, "R19_2", 305.43, -500.97, "T", "SMD", "VCC_3V3", "", "R", 31.75, 34.02, 0, 225],
		[126, "R20_1", 490.14, -1235.5, "T", "SMD", "SPK+", "", "R", 35.43, 35.43, 0, 90],
		[127, "R20_2", 490.14, -1172.5, "T", "SMD", "$2N34083", "", "R", 35.43, 35.43, 0, 90],
		[128, "R21_1", 358.4, -1047.2, "T", "SMD", "HORN", "", "R", 35.43, 35.43, 0, 270],
		[129, "R21_2", 358.4, -1110.19, "T", "SMD", "$2N34303", "", "R", 35.43, 35.43, 0, 270],
		[130, "R22_1", 304.8, -1046.4, "T", "SMD", "HORN", "", "R", 35.43, 35.43, 0, 270],
		[131, "R22_2", 304.8, -1109.39, "T", "SMD", "GND", "GND", "R", 35.43, 35.43, 0, 270],
		[132, "R23_1", 2024.8, -781.6, "T", "SMD", "VCC_3V3", "", "R", 35.43, 35.43, 0, 270],
		[133, "R23_2", 2024.8, -718.61, "T", "SMD", "TXD1/BUSY", "", "R", 35.43, 35.43, 0, 270],
		[134, "R24_1", 1931.94, -1120.8, "T", "SMD", "$2N187272", "", "R", 31.75, 34.02, 0, 0],
		[135, "R24_2", 1991.26, -1120.8, "T", "SMD", "RS485-", "", "R", 31.75, 34.02, 0, 0],
		[136, "R25_1", 1931.94, -1178.4, "T", "SMD", "$2N187267", "", "R", 31.75, 34.02, 0, 0],
		[137, "R25_2", 1991.26, -1178.4, "T", "SMD", "RS485+", "", "R", 31.75, 34.02, 0, 0],
		[138, "R26_1", 1866.46, -1059.2, "T", "SMD", "$2N187272", "", "R", 31.75, 34.02, 0, 180],
		[139, "R26_2", 1807.14, -1059.2, "T", "SMD", "GND", "GND", "R", 31.75, 34.02, 0, 180],
		[140, "R27_1", 1805.54, -1241.6, "T", "SMD", "VCC_3V3", "", "R", 31.75, 34.02, 0, 0],
		[141, "R27_2", 1864.86, -1241.6, "T", "SMD", "$2N187267", "", "R", 31.75, 34.02, 0, 0],
		[142, "R28_1", 1564.06, -1288, "T", "SMD", "GND", "GND", "R", 31.75, 34.02, 0, 180],
		[143, "R28_2", 1504.74, -1288, "T", "SMD", "MCU_RXD0", "", "R", 31.75, 34.02, 0, 180],
		[144, "RP1_1", 1167.28, -538.79, "T", "SMD", "LCD_D4", "", "R", 35.43, 21.65, 0, 0],
		[145, "RP1_2", 1167.28, -570.29, "T", "SMD", "LCD_D5", "", "R", 35.43, 21.65, 0, 0],
		[146, "RP1_3", 1167.28, -601.79, "T", "SMD", "LCD_D6", "", "R", 35.43, 21.65, 0, 0],
		[147, "RP1_4", 1167.28, -633.28, "T", "SMD", "LCD_D7", "", "R", 35.43, 21.65, 0, 0],
		[148, "RP1_5", 1230.27, -633.28, "T", "SMD", "D7", "", "R", 35.43, 21.65, 0, 0],
		[149, "RP1_6", 1230.27, -601.79, "T", "SMD", "D6", "", "R", 35.43, 21.65, 0, 0],
		[150, "RP1_7", 1230.27, -570.29, "T", "SMD", "D5", "", "R", 35.43, 21.65, 0, 0],
		[151, "RP1_8", 1230.27, -538.79, "T", "SMD", "D4", "", "R", 35.43, 21.65, 0, 0],
		[152, "RP2_1", 1166.48, -405.99, "T", "SMD", "LCD_D0", "", "R", 35.43, 21.65, 0, 0],
		[153, "RP2_2", 1166.48, -437.49, "T", "SMD", "LCD_D1", "", "R", 35.43, 21.65, 0, 0],
		[154, "RP2_3", 1166.48, -468.99, "T", "SMD", "LCD_D2", "", "R", 35.43, 21.65, 0, 0],
		[155, "RP2_4", 1166.48, -500.48, "T", "SMD", "LCD_D3", "", "R", 35.43, 21.65, 0, 0],
		[156, "RP2_5", 1229.47, -500.48, "T", "SMD", "D3", "", "R", 35.43, 21.65, 0, 0],
		[157, "RP2_6", 1229.47, -468.99, "T", "SMD", "D2", "", "R", 35.43, 21.65, 0, 0],
		[158, "RP2_7", 1229.47, -437.49, "T", "SMD", "D1", "", "R", 35.43, 21.65, 0, 0],
		[159, "RP2_8", 1229.47, -405.99, "T", "SMD", "D0", "", "R", 35.43, 21.65, 0, 0],
		[160, "RP3_1", 1165.68, -271.59, "T", "SMD", "LCD_CS#", "", "R", 35.43, 21.65, 0, 0],
		[161, "RP3_2", 1165.68, -303.09, "T", "SMD", "LCD_RS", "", "R", 35.43, 21.65, 0, 0],
		[162, "RP3_3", 1165.68, -334.59, "T", "SMD", "LCD_WR#", "", "R", 35.43, 21.65, 0, 0],
		[163, "RP3_4", 1165.68, -366.08, "T", "SMD", "LCD_RD#", "", "R", 35.43, 21.65, 0, 0],
		[164, "RP3_5", 1228.67, -366.08, "T", "SMD", "RD#", "", "R", 35.43, 21.65, 0, 0],
		[165, "RP3_6", 1228.67, -334.59, "T", "SMD", "WR#", "", "R", 35.43, 21.65, 0, 0],
		[166, "RP3_7", 1228.67, -303.09, "T", "SMD", "RS", "", "R", 35.43, 21.65, 0, 0],
		[167, "RP3_8", 1228.67, -271.59, "T", "SMD", "CS#", "", "R", 35.43, 21.65, 0, 0],
		[168, "SW1_1", 1415.58, -74.4, "T", "SMD", "GND", "GND", "R", 48.42, 53.54, 0, 0],
		[169, "SW1_2", 1587.62, -74.4, "T", "SMD", "RESET#", "", "R", 48.42, 53.54, 0, 0],
		[170, "SW2_1", 1815.62, -73.6, "T", "SMD", "GND", "GND", "R", 48.42, 53.54, 0, 180],
		[171, "SW2_2", 1643.58, -73.6, "T", "SMD", "MCU_TXD0/BOOT", "", "R", 48.42, 53.54, 0, 180],
		[172, "SW3_1", 1872.38, -73.6, "T", "SMD", "GND", "GND", "R", 48.42, 53.54, 0, 0],
		[173, "SW3_2", 2044.42, -73.6, "T", "SMD", "TXD1/BUSY", "", "R", 48.42, 53.54, 0, 0],
		[174, "TP1_1", 519.27, -338.71, "T", "SMD", "CLKOUT", "", "C", 39.37, 39.37, 0, 45],
		[175, "TP2_1", 273.6, -452.63, "T", "SMD", "RESET#", "", "C", 39.37, 39.37, 0, 0],
		[176, "TP3_1", 224, -537.6, "T", "SMD", "SWDIO", "", "C", 39.37, 39.37, 0, 0],
		[177, "TP4_1", 208, -1057.34, "T", "SMD", "SWDCK", "", "C", 39.37, 39.37, 0, 0],
		[178, "TP5_1", 2011.2, -568.8, "T", "SMD", "TXD1/BUSY", "", "C", 39.37, 39.37, 0, 0],
		[179, "TP7_1", 1923.6, -1015.6, "T", "SMD", "RS485-", "", "C", 39.37, 39.37, 0, 0],
		[180, "TP8_1", 1918.4, -1252.8, "T", "SMD", "RS485+", "", "C", 39.37, 39.37, 0, 0],
		[181, "TP9_1", 483.2, -1096.8, "T", "SMD", "+5V", "", "C", 39.37, 39.37, 0, 0],
		[182, "TP10_1", 275.2, -707.79, "T", "SMD", "VCC_3V3", "", "C", 39.37, 39.37, 0, 0],
		[183, "TP11_1", 2024, -485.6, "T", "SMD", "RXD1", "", "C", 39.37, 39.37, 0, 0],
		[184, "TP13_1", 525.46, -255.34, "T", "SMD", "LDO_V12", "", "C", 39.37, 39.37, 0, 0],
		[185, "TP14_1", 852, -959.2, "T", "SMD", "VBAT", "", "C", 39.37, 39.37, 0, 0],
		[186, "TP15_1", 913.52, -261.6, "T", "SMD", "LCD_CS#", "", "C", 39.37, 39.37, 0, 0],
		[187, "TP16_1", 1036.6, -303.09, "T", "SMD", "LCD_RS", "", "C", 39.37, 39.37, 0, 0],
		[188, "TP17_1", 985.8, -334.59, "T", "SMD", "LCD_WR#", "", "C", 39.37, 39.37, 0, 0],
		[189, "TP18_1", 939.47, -366.08, "T", "SMD", "LCD_RD#", "", "C", 39.37, 39.37, 0, 0],
		[190, "U1_1", 1918.4, -1568, "T", "SMD", "GND", "GND", "R", 39.37, 78.74, 0, 90],
		[191, "U1_2", 1918.4, -1477.45, "T", "SMD", "VCC_3V3", "", "R", 39.37, 78.74, 0, 90],
		[192, "U1_3", 1918.4, -1386.9, "T", "SMD", "+5V", "", "R", 39.37, 78.74, 0, 90],
		[193, "U1_4", 1678.24, -1477.45, "T", "SMD", "VCC_3V3", "", "R", 157.48, 98.42, 0, 90],
		[194, "U2_1", 601.71, -421.35, "T", "SMD", "SWDCK", "", "R", 7.87, 39.37, 0, 315],
		[195, "U2_2", 612.85, -432.48, "T", "SMD", "RESET#", "", "R", 7.87, 39.37, 0, 315],
		[196, "U2_3", 623.98, -443.62, "T", "SMD", "LCD_TE", "", "R", 7.87, 39.37, 0, 315],
		[197, "U2_4", 635.12, -454.76, "T", "SMD", "SDA", "", "R", 7.87, 39.37, 0, 315],
		[198, "U2_5", 646.26, -465.89, "T", "SMD", "SCL", "", "R", 7.87, 39.37, 0, 315],
		[199, "U2_6", 657.39, -477.02, "T", "SMD", "EXTAL", "", "R", 7.87, 39.37, 0, 315],
		[200, "U2_7", 668.52, -488.16, "T", "SMD", "XTAL", "", "R", 7.87, 39.37, 0, 315],
		[201, "U2_8", 679.66, -499.3, "T", "SMD", "QSIO_CS", "", "R", 7.87, 39.37, 0, 315],
		[202, "U2_9", 690.8, -510.43, "T", "SMD", "QSIO_D1", "", "R", 7.87, 39.37, 0, 315],
		[203, "U2_10", 701.94, -521.57, "T", "SMD", "QSIO_D2", "", "R", 7.87, 39.37, 0, 315],
		[204, "U2_11", 746.44, -521.57, "T", "SMD", "QSIO_D0", "", "R", 39.37, 7.87, 0, 315],
		[205, "U2_12", 757.57, -510.43, "T", "SMD", "QSIO_CLK", "", "R", 39.37, 7.87, 0, 315],
		[206, "U2_13", 768.71, -499.3, "T", "SMD", "QSIO_D3", "", "R", 39.37, 7.87, 0, 315],
		[207, "U2_14", 779.85, -488.16, "T", "SMD", "MCU_3.3V", "", "R", 39.37, 7.87, 0, 315],
		[208, "U2_15", 790.98, -477.02, "T", "SMD", "LCD_D7", "", "R", 39.37, 7.87, 0, 315],
		[209, "U2_16", 802.11, -465.89, "T", "SMD", "LCD_D6", "", "R", 39.37, 7.87, 0, 315],
		[210, "U2_17", 813.25, -454.76, "T", "SMD", "LCD_D5", "", "R", 39.37, 7.87, 0, 315],
		[211, "U2_18", 824.39, -443.62, "T", "SMD", "LCD_D4", "", "R", 39.37, 7.87, 0, 315],
		[212, "U2_19", 835.52, -432.48, "T", "SMD", "LCD_D3", "", "R", 39.37, 7.87, 0, 315],
		[213, "U2_20", 846.66, -421.35, "T", "SMD", "LCD_D2", "", "R", 39.37, 7.87, 0, 315],
		[214, "U2_21", 846.66, -376.85, "T", "SMD", "LCD_D1", "", "R", 7.87, 39.37, 0, 315],
		[215, "U2_22", 835.52, -365.71, "T", "SMD", "LCD_D0", "", "R", 7.87, 39.37, 0, 315],
		[216, "U2_23", 824.39, -354.57, "T", "SMD", "LCD_RD#", "", "R", 7.87, 39.37, 0, 315],
		[217, "U2_24", 813.25, -343.43, "T", "SMD", "LCD_WR#", "", "R", 7.87, 39.37, 0, 315],
		[218, "U2_25", 802.11, -332.3, "T", "SMD", "LCD_RS", "", "R", 7.87, 39.37, 0, 315],
		[219, "U2_26", 790.98, -321.17, "T", "SMD", "LCD_CS#", "", "R", 7.87, 39.37, 0, 315],
		[220, "U2_27", 779.85, -310.03, "T", "SMD", "HORN", "", "R", 7.87, 39.37, 0, 315],
		[221, "U2_28", 768.71, -298.89, "T", "SMD", "BL_PWM", "", "R", 7.87, 39.37, 0, 315],
		[222, "U2_29", 757.57, -287.76, "T", "SMD", "TXD1/BUSY", "", "R", 7.87, 39.37, 0, 315],
		[223, "U2_30", 746.44, -276.62, "T", "SMD", "RXD1", "", "R", 7.87, 39.37, 0, 315],
		[224, "U2_31", 701.94, -276.62, "T", "SMD", "XI", "", "R", 39.37, 7.87, 0, 315],
		[225, "U2_32", 690.8, -287.76, "T", "SMD", "XO", "", "R", 39.37, 7.87, 0, 315],
		[226, "U2_33", 679.66, -298.89, "T", "SMD", "VBAT", "", "R", 39.37, 7.87, 0, 315],
		[227, "U2_34", 668.52, -310.03, "T", "SMD", "MCU_3.3V", "", "R", 39.37, 7.87, 0, 315],
		[228, "U2_35", 657.39, -321.17, "T", "SMD", "LDO_V12", "", "R", 39.37, 7.87, 0, 315],
		[229, "U2_36", 646.26, -332.3, "T", "SMD", "MCU_TXD0/BOOT", "", "R", 39.37, 7.87, 0, 315],
		[230, "U2_37", 635.12, -343.43, "T", "SMD", "MCU_RXD0", "", "R", 39.37, 7.87, 0, 315],
		[231, "U2_38", 623.98, -354.57, "T", "SMD", "LCD_RST#", "", "R", 39.37, 7.87, 0, 315],
		[232, "U2_39", 612.85, -365.71, "T", "SMD", "CLKOUT", "", "R", 39.37, 7.87, 0, 315],
		[233, "U2_40", 601.71, -376.85, "T", "SMD", "SWDIO", "", "R", 39.37, 7.87, 0, 315],
		[234, "U2_41", 722.77, -347.57, "T", "SMD", "GND", "GND", "R", 59.06, 59.06, 0, 315],
		[235, "U2_41", 775.62, -400.42, "T", "SMD", "GND", "GND", "R", 59.06, 59.06, 0, 315],
		[236, "U2_41", 724.71, -451.33, "T", "SMD", "GND", "GND", "R", 59.06, 59.06, 0, 315],
		[237, "U2_41", 671.86, -398.48, "T", "SMD", "GND", "GND", "R", 59.06, 59.06, 0, 315],
		[238, "U3_1", 598.49, -761.41, "T", "SMD", "QSIO_CS", "", "R", 109.37, 21.65, 0, 0],
		[239, "U3_2", 598.49, -811.41, "T", "SMD", "QSIO_D1", "", "R", 109.37, 21.65, 0, 0],
		[240, "U3_3", 598.49, -861.41, "T", "SMD", "QSIO_D2", "", "R", 109.37, 21.65, 0, 0],
		[241, "U3_4", 598.49, -911.41, "T", "SMD", "GND", "GND", "R", 109.37, 21.65, 0, 0],
		[242, "U3_5", 882.86, -911.41, "T", "SMD", "QSIO_D0", "", "R", 109.37, 21.65, 0, 0],
		[243, "U3_6", 882.86, -861.41, "T", "SMD", "QSIO_CLK", "", "R", 109.37, 21.65, 0, 0],
		[244, "U3_7", 882.86, -811.41, "T", "SMD", "QSIO_D3", "", "R", 109.37, 21.65, 0, 0],
		[245, "U3_8", 882.86, -761.41, "T", "SMD", "FLASH_3.3V", "", "R", 109.37, 21.65, 0, 0],
		[246, "U4_1", 1496.33, -1074.61, "T", "SMD", "MCU_TXD0/BOOT", "", "O", 22.6, 80.14, 0, 270],
		[247, "U4_2", 1496.33, -1124.61, "T", "SMD", "MCU_RXD0", "", "O", 22.6, 80.14, 0, 270],
		[248, "U4_3", 1496.33, -1174.61, "T", "SMD", "MCU_RXD0", "", "O", 22.6, 80.14, 0, 270],
		[249, "U4_4", 1496.33, -1224.61, "T", "SMD", "MCU_TXD0/BOOT", "", "O", 22.6, 80.14, 0, 270],
		[250, "U4_5", 1714.27, -1224.61, "T", "SMD", "GND", "GND", "O", 22.6, 80.14, 0, 270],
		[251, "U4_6", 1714.27, -1174.61, "T", "SMD", "$2N187267", "", "O", 22.6, 80.14, 0, 270],
		[252, "U4_7", 1714.27, -1124.61, "T", "SMD", "$2N187272", "", "O", 22.6, 80.14, 0, 270],
		[253, "U4_8", 1714.27, -1074.61, "T", "SMD", "VCC_3V3", "", "O", 22.6, 80.14, 0, 270],
		[254, "U6_1", 2128.64, -1265.48, "T", "SMD", "GND", "GND", "R", 59.05, 129.92, 0, 90],
		[255, "U6_2", 2128.64, -1186.74, "T", "SMD", "RS485+", "", "R", 59.05, 129.92, 0, 90],
		[256, "U6_3", 2128.64, -1108, "T", "SMD", "RS485-", "", "R", 59.05, 129.92, 0, 90],
		[257, "U6_4", 2128.64, -1029.26, "T", "SMD", "+5V", "", "R", 59.05, 129.92, 0, 90],
		[258, "U6_5", 2128.64, -950.52, "T", "SMD", "PGND", "", "R", 59.05, 129.92, 0, 90],
		[259, "U6_6", 2258.56, -848.16, "T", "SMD", "GND", "GND", "R", 74.8, 122.05, 0, 90],
		[260, "U6_7", 2258.56, -1367.84, "T", "SMD", "GND", "GND", "R", 74.8, 122.05, 0, 90],
		[261, "U7_1", 1720.2, -631.53, "T", "SMD", "SDA", "", "R", 11.81, 47.24, 0, 270],
		[262, "U7_2", 1849.18, -622.13, "T", "SMD", "SCL", "", "R", 11.81, 41.34, 0, 270],
		[263, "U7_3", 1720.2, -610.32, "T", "SMD", "CTP_INT", "", "R", 11.81, 47.24, 0, 270],
		[264, "U7_4", 1849.18, -598.51, "T", "SMD", "CTP_RST", "", "R", 11.81, 41.34, 0, 270],
		[265, "U7_5", 1720.2, -586.7, "T", "SMD", "CTP_3.3V", "", "R", 11.81, 47.24, 0, 270],
		[266, "U7_6", 1849.18, -574.89, "T", "SMD", "GND", "GND", "R", 11.81, 41.34, 0, 270],
		[267, "U7_7", 1720.2, -563.08, "T", "SMD", "GND", "GND", "R", 11.81, 47.24, 0, 270],
		[268, "U7_8", 1849.18, -551.27, "T", "SMD", "GND", "GND", "R", 11.81, 41.34, 0, 270],
		[269, "U7_9", 1720.2, -539.45, "T", "SMD", "U7_9", "", "R", 11.81, 47.24, 0, 270],
		[270, "U7_10", 1849.18, -527.64, "T", "SMD", "GND", "GND", "R", 11.81, 41.34, 0, 270],
		[271, "U7_11", 1720.2, -515.83, "T", "SMD", "U7_11", "", "R", 11.81, 47.24, 0, 270],
		[272, "U7_12", 1849.18, -504.02, "T", "SMD", "U7_12", "", "R", 11.81, 41.34, 0, 270],
		[273, "U7_13", 1720.2, -492.21, "T", "SMD", "GND", "GND", "R", 11.81, 47.24, 0, 270],
		[274, "U7_14", 1849.18, -480.4, "T", "SMD", "U7_14", "", "R", 11.81, 41.34, 0, 270],
		[275, "U7_15", 1720.2, -468.59, "T", "SMD", "U7_15", "", "R", 11.81, 47.24, 0, 270],
		[276, "U7_16", 1849.18, -456.78, "T", "SMD", "GND", "GND", "R", 11.81, 41.34, 0, 270],
		[277, "U7_17", 1720.2, -444.97, "T", "SMD", "U7_17", "", "R", 11.81, 47.24, 0, 270],
		[278, "U7_18", 1849.18, -433.16, "T", "SMD", "U7_18", "", "R", 11.81, 41.34, 0, 270],
		[279, "U7_19", 1720.2, -421.34, "T", "SMD", "GND", "GND", "R", 11.81, 47.24, 0, 270],
		[280, "U7_20", 1849.18, -409.53, "T", "SMD", "D0", "", "R", 11.81, 41.34, 0, 270],
		[281, "U7_21", 1720.2, -397.72, "T", "SMD", "D1", "", "R", 11.81, 47.24, 0, 270],
		[282, "U7_22", 1849.18, -385.91, "T", "SMD", "D2", "", "R", 11.81, 41.34, 0, 270],
		[283, "U7_23", 1720.2, -374.1, "T", "SMD", "D3", "", "R", 11.81, 47.24, 0, 270],
		[284, "U7_24", 1849.18, -362.29, "T", "SMD", "D4", "", "R", 11.81, 41.34, 0, 270],
		[285, "U7_25", 1720.2, -350.48, "T", "SMD", "D5", "", "R", 11.81, 47.24, 0, 270],
		[286, "U7_26", 1849.18, -338.67, "T", "SMD", "D6", "", "R", 11.81, 41.34, 0, 270],
		[287, "U7_27", 1720.2, -326.86, "T", "SMD", "D7", "", "R", 11.81, 47.24, 0, 270],
		[288, "U7_28", 1849.18, -315.05, "T", "SMD", "U7_28", "", "R", 11.81, 41.34, 0, 270],
		[289, "U7_29", 1720.2, -303.23, "T", "SMD", "CS#", "", "R", 11.81, 47.24, 0, 270],
		[290, "U7_30", 1849.18, -291.42, "T", "SMD", "WR#", "", "R", 11.81, 41.34, 0, 270],
		[291, "U7_31", 1720.2, -279.61, "T", "SMD", "RD#", "", "R", 11.81, 47.24, 0, 270],
		[292, "U7_32", 1849.18, -267.8, "T", "SMD", "RS", "", "R", 11.81, 41.34, 0, 270],
		[293, "U7_33", 1720.2, -255.99, "T", "SMD", "LCD_TE", "", "R", 11.81, 47.24, 0, 270],
		[294, "U7_34", 1849.18, -244.17, "T", "SMD", "LCD_RST#", "", "R", 11.81, 41.34, 0, 270],
		[295, "U7_35", 1720.2, -232.36, "T", "SMD", "LCD_3.3V", "", "R", 11.81, 47.24, 0, 270],
		[296, "U7_36", 1849.18, -220.55, "T", "SMD", "LCD_3.3V", "", "R", 11.81, 41.34, 0, 270],
		[297, "U7_37", 1720.2, -208.74, "T", "SMD", "GND", "GND", "R", 11.81, 47.24, 0, 270],
		[298, "U7_38", 1849.18, -196.93, "T", "SMD", "LEDK", "", "R", 11.81, 41.34, 0, 270],
		[299, "U7_39", 1720.2, -185.12, "T", "SMD", "LCD_3.3V", "", "R", 11.81, 47.24, 0, 270],
		[300, "U7_40", 1731.03, -157.56, "T", "SMD", "GND", "GND", "R", 15.75, 47.24, 0, 270],
		[301, "U7_41", 1731.03, -661.5, "T", "SMD", "GND", "GND", "R", 15.75, 47.24, 0, 270],
		[302, "U8_1", 1874.99, -1185.4, "T", "SMD", "$2N187267", "", "R", 42.13, 20.95, 0, 0],
		[303, "U8_2", 1874.99, -1110.6, "T", "SMD", "$2N187272", "", "R", 42.13, 20.95, 0, 0],
		[304, "U8_3", 1797.01, -1148, "T", "SMD", "GND", "GND", "R", 42.13, 20.95, 0, 0],
		[305, "U9_1", 1976.6, -729.81, "T", "SMD", "TXD1/BUSY", "", "R", 42.13, 20.95, 0, 90],
		[306, "U9_2", 1901.8, -729.81, "T", "SMD", "RXD1", "", "R", 42.13, 20.95, 0, 90],
		[307, "U9_3", 1939.2, -807.79, "T", "SMD", "GND", "GND", "R", 42.13, 20.95, 0, 90],
		[308, "U11_1", 76.16, -1085.89, "T", "SMD", "RESET#", "", "R", 59.05, 129.92, 0, 270],
		[309, "U11_2", 76.16, -1164.63, "T", "SMD", "SWDIO", "", "R", 59.05, 129.92, 0, 270],
		[310, "U11_3", 76.16, -1243.37, "T", "SMD", "SWDCK", "", "R", 59.05, 129.92, 0, 270],
		[311, "U11_4", 76.16, -1322.11, "T", "SMD", "GND", "GND", "R", 59.05, 129.92, 0, 270],
		[312, "U12_1", 2129.76, -654.11, "T", "SMD", "+5V", "", "R", 59.05, 129.92, 0, 90],
		[313, "U12_2", 2129.76, -575.37, "T", "SMD", "TXD1/BUSY", "", "R", 59.05, 129.92, 0, 90],
		[314, "U12_3", 2129.76, -496.63, "T", "SMD", "RXD1", "", "R", 59.05, 129.92, 0, 90],
		[315, "U12_4", 2129.76, -417.89, "T", "SMD", "GND", "GND", "R", 59.05, 129.92, 0, 90],
		[316, "U12_5", 2259.68, -315.53, "T", "SMD", "GND", "GND", "R", 74.8, 122.05, 0, 90],
		[317, "U12_6", 2259.68, -756.47, "T", "SMD", "GND", "GND", "R", 74.8, 122.05, 0, 90],
		[318, "X1_1", 552.8, -618.4, "T", "SMD", "XTAL", "", "R", 55.12, 39.37, 0, 315],
		[319, "X1_2", 491.55, -557.15, "T", "SMD", "GND", "GND", "R", 55.12, 39.37, 0, 315],
		[320, "X1_3", 444.23, -604.48, "T", "SMD", "EXTAL", "", "R", 55.12, 39.37, 0, 315],
		[321, "X1_4", 505.47, -665.73, "T", "SMD", "GND", "GND", "R", 55.12, 39.37, 0, 315],
		[322, "X2_1", 693.73, -116.44, "T", "SMD", "XI", "", "R", 70.87, 39.37, 0, 270],
		[323, "X2_2", 597.27, -116.44, "T", "SMD", "XO", "", "R", 70.87, 39.37, 0, 270]
	]
}
}