PageID,WidgetName,Name    ,WriteAddr,Length,ParameterAddr,Length
4,icon_1,icon_1,0x0001,2,0xFFFF,14
4,icon_2,icon_2,0x0002,2,0xFFFF,14
5,icon_1,icon_1,0x0003,2,0xFFFF,14
5,icon_2,icon_2,0x0002,2,0xFFFF,14
6,icon_1,icon_1,0x0004,2,0xFFFF,14
6,icon_2,icon_2,0x0002,2,0xFFFF,14
7,icon_1,icon_1,0x0005,2,0xFFFF,14
7,icon_2,icon_2,0x0002,2,0xFFFF,14
8,icon_1,icon_1,0x0006,2,0xFFFF,14
8,icon_2,icon_2,0x0002,2,0xFFFF,14
9,icon_1,icon_1,0x0007,2,0xFFFF,14
9,icon_2,icon_2,0x0002,2,0xFFFF,14
10,icon_1,icon_1,0x0009,2,0xFFFF,14
10,icon_2,icon_2,0x0002,2,0xFFFF,14
11,icon_1,icon_1,0x000B,2,0xFFFF,14
11,icon_2,icon_2,0x0002,2,0xFFFF,14
12,icon_0,icon_0,0x000D,2,0xFFFF,14
12,icon_1,icon_0,0x000E,2,0xFFFF,14
12,icon_2,icon_0,0x000F,2,0xFFFF,14
12,pngNumber_0,pngNumber_0,0x0100,2,0xFFFF,14,0x01
12,pngNumber_1,pngNumber_1,0x0010,1,0xFFFF,14,0x00
12,pngNumber_2,pngNumber_1,0x0042,1,0xFFFF,14,0x00
12,pngNumber_3,pngNumber_1,0x0043,1,0xFFFF,14,0x00
14,icon_0,icon_0,0x0016,2,0xFFFF,14
14,icon_1,icon_0,0x0018,2,0xFFFF,14
14,icon_2,icon_0,0x001A,2,0xFFFF,14
14,icon_3,icon_0,0x001C,2,0xFFFF,14
14,icon_4,icon_4,0x001E,2,0xFFFF,14
14,icon_5,icon_5,0x0020,2,0xFFFF,14
14,autoVar_0,autoVar_0,0x0022,2,0xFFFF,65
14,pngNumber_0,pngNumber_0,0x0023,2,0xFFFF,14,0x81
14,pngNumber_1,pngNumber_0,0x0023,2,0xFFFF,14,0x81
14,icon_8,icon_8,0x002A,2,0xFFFF,14
14,icon_9,icon_8,0x002C,2,0xFFFF,14
14,icon_10,icon_8,0x002E,2,0xFFFF,14
14,icon_11,icon_8,0x0030,2,0xFFFF,14
14,icon_12,icon_12,0x0032,2,0xFFFF,14
14,icon_6,icon_6,0x0028,2,0xFFFF,14
14,autoVar_1,autoVar_0,0x0039,2,0xFFFF,65
14,autoVar_2,autoVar_0,0x0040,2,0xFFFF,65
16,gif_0,gif_0,0x0034,2,0xFFFF,53
17,icon_0,icon_0,0x0016,2,0xFFFF,14
17,icon_1,icon_0,0x0018,2,0xFFFF,14
17,icon_2,icon_0,0x001A,2,0xFFFF,14
17,icon_3,icon_0,0x001C,2,0xFFFF,14
17,icon_4,icon_4,0x001E,2,0xFFFF,14
17,icon_5,icon_5,0x0020,2,0xFFFF,14
17,autoVar_0,autoVar_0,0x0022,2,0xFFFF,65
17,pngNumber_0,pngNumber_0,0x0023,2,0xFFFF,14,0x81
17,pngNumber_1,pngNumber_0,0x0023,2,0xFFFF,14,0x81
17,icon_8,icon_8,0x002A,2,0xFFFF,14
17,icon_9,icon_8,0x002C,2,0xFFFF,14
17,icon_10,icon_8,0x002E,2,0xFFFF,14
17,icon_11,icon_8,0x0030,2,0xFFFF,14
17,icon_12,icon_12,0x0032,2,0xFFFF,14
17,icon_6,icon_6,0x0035,2,0xFFFF,14
17,autoVar_1,autoVar_0,0x0039,2,0xFFFF,65
17,autoVar_2,autoVar_0,0x0040,2,0xFFFF,65
19,gif_0,gif_0,0x0038,2,0xFFFF,53
20,icon_1,icon_1,0x0001,2,0xFFFF,14
20,icon_2,icon_2,0x0002,2,0xFFFF,14
20,icon_0,icon_0,0x0104,2,0xFFFF,14
20,autoVar_0,autoVar_0,0x0105,2,0xFFFF,65
21,icon_1,icon_1,0x0003,2,0xFFFF,14
21,icon_2,icon_2,0x0002,2,0xFFFF,14
21,icon_0,icon_0,0x0104,2,0xFFFF,14
21,autoVar_0,autoVar_0,0x0105,2,0xFFFF,65
22,icon_1,icon_1,0x0004,2,0xFFFF,14
22,icon_2,icon_2,0x0002,2,0xFFFF,14
22,icon_0,icon_0,0x0104,2,0xFFFF,14
22,autoVar_0,autoVar_0,0x0105,2,0xFFFF,65
23,icon_1,icon_1,0x0005,2,0xFFFF,14
23,icon_2,icon_2,0x0002,2,0xFFFF,14
23,icon_0,icon_0,0x0104,2,0xFFFF,14
23,autoVar_0,autoVar_0,0x0105,2,0xFFFF,65
24,icon_1,icon_1,0x0006,2,0xFFFF,14
24,icon_2,icon_2,0x0002,2,0xFFFF,14
24,icon_0,icon_0,0x0104,2,0xFFFF,14
24,autoVar_0,autoVar_0,0x0105,2,0xFFFF,65
25,icon_1,icon_1,0x0007,2,0xFFFF,14
25,icon_2,icon_2,0x0002,2,0xFFFF,14
25,icon_0,icon_0,0x0104,2,0xFFFF,14
25,autoVar_0,autoVar_0,0x0105,2,0xFFFF,65
26,icon_1,icon_1,0x0009,2,0xFFFF,14
26,icon_2,icon_2,0x0002,2,0xFFFF,14
26,icon_0,icon_0,0x0104,2,0xFFFF,14
26,autoVar_0,autoVar_0,0x0105,2,0xFFFF,65
27,icon_1,icon_1,0x000B,2,0xFFFF,14
27,icon_2,icon_2,0x0002,2,0xFFFF,14
27,icon_0,icon_0,0x0104,2,0xFFFF,14
27,autoVar_0,autoVar_0,0x0105,2,0xFFFF,65
