Page,WidgetName,Name    ,Header,Length,Cmd,Addr,Data,CRC
-,SystemFunction,Switch Page,5AA5,07,10,7000,0000,FF03
-,SystemFunction,Brightness CTRL,5AA5,07,10,7001,003F,EED3
-,SystemFunction,Year,5AA5,07,10,7002,001A,DF08
-,SystemFunction,Month,5AA5,07,10,7003,0002,8EC2
-,SystemFunction,Day,5AA5,07,10,7004,000B,FF05
-,SystemFunction,Hour,5AA5,07,10,7005,000A,6F05
-,SystemFunction,Minute,5AA5,07,10,7006,0034,1ED5
-,SystemFunction,Second,5AA5,07,10,7007,0028,4EDC
-,SystemFunction,Refresh time,5AA5,07,10,7008,0000,7EC1
-,SystemFunction,Play music,5AA5,07,10,700A,0000,DF01
-,SystemFunction,Volume CTRL,5AA5,07,10,700B,000A,0EC6
-,SystemFunction,Open pop_window,5AA5,07,10,700D,0000,6EC0
-,SystemFunction,Auto-dimming,5AA5,07,10,700E,0000,9EC0
-,SystemFunction,Dimming level,5AA5,07,10,700F,0014,CF0F
-,SystemFunction,Time to enter sleep,5AA5,07,10,7010,0005,3EC5
-,SystemFunction,Multi-language,5AA5,07,10,703F,0000,CF0F
Page4,icon_1,icon_1,5AA5,07,10,0001,0000,B403
Page4,icon_2,icon_2,5AA5,07,10,0002,0006,C401
Page5,icon_1,icon_1,5AA5,07,10,0003,0000,15C3
Page5,icon_2,icon_2,5AA5,07,10,0002,0006,C401
Page6,icon_1,icon_1,5AA5,07,10,0004,0000,A402
Page6,icon_2,icon_2,5AA5,07,10,0002,0006,C401
Page7,icon_1,icon_1,5AA5,07,10,0005,0000,F5C2
Page7,icon_2,icon_2,5AA5,07,10,0002,0006,C401
Page8,icon_1,icon_1,5AA5,07,10,0006,0000,05C2
Page8,icon_2,icon_2,5AA5,07,10,0002,0006,C401
Page9,icon_1,icon_1,5AA5,07,10,0007,0000,5402
Page9,icon_2,icon_2,5AA5,07,10,0002,0006,C401
Page10,icon_1,icon_1,5AA5,07,10,0009,0000,35C1
Page10,icon_2,icon_2,5AA5,07,10,0002,0006,C401
Page11,icon_1,icon_1,5AA5,07,10,000B,0000,9401
Page11,icon_2,icon_2,5AA5,07,10,0002,0006,C401
Page12,icon_0,icon_0,5AA5,07,10,000D,0000,7400
Page12,icon_1,icon_0,5AA5,07,10,000E,0000,8400
Page12,icon_2,icon_0,5AA5,07,10,000F,0000,D5C0
Page12,pngNumber_0,pngNumber_0,5AA5,07,10,0100,0BB8,E37D
Page12,pngNumber_1,pngNumber_1,5AA5,07,10,0010,0064,E5ED
Page12,pngNumber_2,pngNumber_1,5AA5,07,10,0042,001E,C5DF
Page12,pngNumber_3,pngNumber_1,5AA5,07,10,0043,000A,9410
Page14,icon_0,icon_0,5AA5,07,10,0016,0000,0407
Page14,icon_1,icon_0,5AA5,07,10,0018,0001,A404
Page14,icon_2,icon_0,5AA5,07,10,001A,0000,C404
Page14,icon_3,icon_0,5AA5,07,10,001C,0001,E5C5
Page14,icon_4,icon_4,5AA5,07,10,001E,0000,85C5
Page14,icon_5,icon_5,5AA5,07,10,0020,0000,E409
Page14,autoVar_0,autoVar_0,5AA5,07,10,0022,0000,45C9
Page14,pngNumber_0,pngNumber_0,5AA5,07,10,0023,0064,15E2
Page14,pngNumber_1,pngNumber_0,5AA5,07,10,0023,0064,15E2
Page14,icon_8,icon_8,5AA5,07,10,002A,0000,C40B
Page14,icon_9,icon_8,5AA5,07,10,002C,0000,240A
Page14,icon_10,icon_8,5AA5,07,10,002E,0000,85CA
Page14,icon_11,icon_8,5AA5,07,10,0030,0000,E5CC
Page14,icon_12,icon_12,5AA5,07,10,0032,0000,440C
Page14,icon_6,icon_6,5AA5,07,10,0028,000B,240C
Page14,autoVar_1,autoVar_0,5AA5,07,10,0039,0000,35CE
Page14,autoVar_2,autoVar_0,5AA5,07,10,0040,0000,E417
Page16,gif_0,gif_0,5AA5,07,10,0034,000A,240A
Page17,icon_0,icon_0,5AA5,07,10,0016,0000,0407
Page17,icon_1,icon_0,5AA5,07,10,0018,0001,A404
Page17,icon_2,icon_0,5AA5,07,10,001A,0000,C404
Page17,icon_3,icon_0,5AA5,07,10,001C,0001,E5C5
Page17,icon_4,icon_4,5AA5,07,10,001E,0000,85C5
Page17,icon_5,icon_5,5AA5,07,10,0020,0000,E409
Page17,autoVar_0,autoVar_0,5AA5,07,10,0022,0000,45C9
Page17,pngNumber_0,pngNumber_0,5AA5,07,10,0023,0064,15E2
Page17,pngNumber_1,pngNumber_0,5AA5,07,10,0023,0064,15E2
Page17,icon_8,icon_8,5AA5,07,10,002A,0000,C40B
Page17,icon_9,icon_8,5AA5,07,10,002C,0000,240A
Page17,icon_10,icon_8,5AA5,07,10,002E,0000,85CA
Page17,icon_11,icon_8,5AA5,07,10,0030,0000,E5CC
Page17,icon_12,icon_12,5AA5,07,10,0032,0000,440C
Page17,icon_6,icon_6,5AA5,07,10,0035,0003,B5CC
Page17,autoVar_1,autoVar_0,5AA5,07,10,0039,0000,35CE
Page17,autoVar_2,autoVar_0,5AA5,07,10,0040,0000,E417
Page19,gif_0,gif_0,5AA5,07,10,0038,000A,E409
Page20,icon_1,icon_1,5AA5,07,10,0001,0000,B403
Page20,icon_2,icon_2,5AA5,07,10,0002,0006,C401
Page20,icon_0,icon_0,5AA5,07,10,0104,0000,A5FE
Page20,autoVar_0,autoVar_0,5AA5,07,10,0105,0000,F43E
Page21,icon_1,icon_1,5AA5,07,10,0003,0000,15C3
Page21,icon_2,icon_2,5AA5,07,10,0002,0006,C401
Page21,icon_0,icon_0,5AA5,07,10,0104,0000,A5FE
Page21,autoVar_0,autoVar_0,5AA5,07,10,0105,0000,F43E
Page22,icon_1,icon_1,5AA5,07,10,0004,0000,A402
Page22,icon_2,icon_2,5AA5,07,10,0002,0006,C401
Page22,icon_0,icon_0,5AA5,07,10,0104,0000,A5FE
Page22,autoVar_0,autoVar_0,5AA5,07,10,0105,0000,F43E
Page23,icon_1,icon_1,5AA5,07,10,0005,0000,F5C2
Page23,icon_2,icon_2,5AA5,07,10,0002,0006,C401
Page23,icon_0,icon_0,5AA5,07,10,0104,0000,A5FE
Page23,autoVar_0,autoVar_0,5AA5,07,10,0105,0000,F43E
Page24,icon_1,icon_1,5AA5,07,10,0006,0000,05C2
Page24,icon_2,icon_2,5AA5,07,10,0002,0006,C401
Page24,icon_0,icon_0,5AA5,07,10,0104,0000,A5FE
Page24,autoVar_0,autoVar_0,5AA5,07,10,0105,0000,F43E
Page25,icon_1,icon_1,5AA5,07,10,0007,0000,5402
Page25,icon_2,icon_2,5AA5,07,10,0002,0006,C401
Page25,icon_0,icon_0,5AA5,07,10,0104,0000,A5FE
Page25,autoVar_0,autoVar_0,5AA5,07,10,0105,0000,F43E
Page26,icon_1,icon_1,5AA5,07,10,0009,0000,35C1
Page26,icon_2,icon_2,5AA5,07,10,0002,0006,C401
Page26,icon_0,icon_0,5AA5,07,10,0104,0000,A5FE
Page26,autoVar_0,autoVar_0,5AA5,07,10,0105,0000,F43E
Page27,icon_1,icon_1,5AA5,07,10,000B,0000,9401
Page27,icon_2,icon_2,5AA5,07,10,0002,0006,C401
Page27,icon_0,icon_0,5AA5,07,10,0104,0000,A5FE
Page27,autoVar_0,autoVar_0,5AA5,07,10,0105,0000,F43E
