PageID,WidgetName,Name    ,WriteAddr,Length,
0,button_0,button_0, , ,0x0020,Page0001
0,button_1,button_0, , ,0x0020,Page0014
1,button_0,button_0, , ,0x0020,Page0000
1,button_1,button_1, , ,0x0020,Page0004
1,button_2,button_1, , ,0x0020,Page0005
1,button_3,button_1, , ,0x0020,Page0006
1,button_4,button_1, , ,0x0020,Page0007
1,button_5,button_1, , ,0x0020,Page0008
1,button_6,button_1, , ,0x0020,Page0009
1,button_7,button_1, , ,0x0020,Page0010
1,button_8,button_1, , ,0x0020,Page0011
1,button_9,button_1, , ,0x0020,Page0012
2,button_0,button_0, , ,0x0020,Page0001
3,button_0,button_0, , ,0x0020,Page0001
4,button_0,button_0, , ,0x0020,Page0001
4,varAdj_2,varAdj_2,0x0002,2, , ,0x00
4,varAdj_3,varAdj_2,0x0002,2, , ,0x00
4,button_1,button_1, , ,0x0020,Page0020
5,button_0,button_0, , ,0x0020,Page0001
5,varAdj_2,varAdj_2,0x0002,2, , ,0x00
5,varAdj_3,varAdj_2,0x0002,2, , ,0x00
5,button_1,button_1, , ,0x0020,Page0021
6,button_0,button_0, , ,0x0020,Page0001
6,varAdj_2,varAdj_2,0x0002,2, , ,0x00
6,varAdj_3,varAdj_2,0x0002,2, , ,0x00
6,button_1,button_1, , ,0x0020,Page0022
7,button_0,button_0, , ,0x0020,Page0001
7,varAdj_2,varAdj_2,0x0002,2, , ,0x00
7,varAdj_3,varAdj_2,0x0002,2, , ,0x00
7,button_1,button_1, , ,0x0020,Page0023
8,button_0,button_0, , ,0x0020,Page0001
8,varAdj_2,varAdj_2,0x0002,2, , ,0x00
8,varAdj_3,varAdj_2,0x0002,2, , ,0x00
8,button_1,button_1, , ,0x0020,Page0024
9,button_0,button_0, , ,0x0020,Page0001
9,varAdj_2,varAdj_2,0x0002,2, , ,0x00
9,varAdj_3,varAdj_2,0x0002,2, , ,0x00
9,button_1,button_1, , ,0x0020,Page0025
10,button_0,button_0, , ,0x0020,Page0001
10,varAdj_2,varAdj_2,0x0002,2, , ,0x00
10,varAdj_3,varAdj_2,0x0002,2, , ,0x00
10,button_1,button_1, , ,0x0020,Page0026
11,button_0,button_0, , ,0x0020,Page0001
11,varAdj_2,varAdj_2,0x0002,2, , ,0x00
11,varAdj_3,varAdj_2,0x0002,2, , ,0x00
11,button_1,button_1, , ,0x0020,Page0027
12,button_0,button_0, , ,0x0020,Page0001
13,button_0,button_0, , ,0x0020,Page0012
13,button_1,button_0, , ,0x0020,Page0012
14,button_0,button_0, , ,0x0020,Page0000
14,varAdj_2,varAdj_0,0x001A,2, , ,0x00
14,varAdj_3,varAdj_0,0x001C,2, , ,0x00
14,varAdj_4,varAdj_0,0x001E,2, , ,0x00
14,varAdj_5,varAdj_5,0x002A,2, , ,0x00
14,varAdj_6,varAdj_5,0x002C,2, , ,0x00
14,varAdj_7,varAdj_5,0x002E,2, , ,0x00
14,batVar_0,batVar_0,0x700D,0x0020,0x0034,0x000B,0xFFFF,0xFFFF,0xFFFF,0xFFFF,0xFFFF,0xFFFF,0xFFFF,0xFFFF,0xFFFF,0xFFFF,0xFFFF,0xFFFF, 
14,varAdj_8,varAdj_8,0x0028,2, , ,0x00
14,varAdj_9,varAdj_9,0x0028,2, , ,0x00
14,button_1,button_1, , ,0x0020,Page0017
14,button_2,button_2, , ,0x0020,Page0017
15,button_0,button_0, , ,0x0020,Page0014
17,button_0,button_0, , ,0x0020,Page0000
17,varAdj_2,varAdj_0,0x001A,2, , ,0x00
17,varAdj_3,varAdj_0,0x001C,2, , ,0x00
17,varAdj_4,varAdj_0,0x001E,2, , ,0x00
17,varAdj_5,varAdj_5,0x002A,2, , ,0x00
17,varAdj_6,varAdj_5,0x002C,2, , ,0x00
17,varAdj_7,varAdj_5,0x002E,2, , ,0x00
17,batVar_0,batVar_0,0x700D,0x0040,0x0038,0x000B,0xFFFF,0xFFFF,0xFFFF,0xFFFF,0xFFFF,0xFFFF,0xFFFF,0xFFFF,0xFFFF,0xFFFF,0xFFFF,0xFFFF, 
17,varAdj_8,varAdj_8,0x0035,2, , ,0x00
17,varAdj_9,varAdj_9,0x0035,2, , ,0x00
17,button_1,button_1, , ,0x0020,Page0014
17,button_2,button_2, , ,0x0020,Page0014
18,button_0,button_0, , ,0x0020,Page0017
20,button_0,button_0, , ,0x0020,Page0001
20,button_1,button_1, , ,0x0020,Page0004
21,button_0,button_0, , ,0x0020,Page0001
21,button_1,button_1, , ,0x0020,Page0005
22,button_0,button_0, , ,0x0020,Page0001
22,button_1,button_1, , ,0x0020,Page0006
23,button_0,button_0, , ,0x0020,Page0001
23,button_1,button_1, , ,0x0020,Page0007
24,button_0,button_0, , ,0x0020,Page0001
24,button_1,button_1, , ,0x0020,Page0008
25,button_0,button_0, , ,0x0020,Page0001
25,button_1,button_1, , ,0x0020,Page0009
26,button_0,button_0, , ,0x0020,Page0001
26,button_1,button_1, , ,0x0020,Page0010
27,button_0,button_0, , ,0x0020,Page0001
27,button_1,button_1, , ,0x0020,Page0011
